{
  "_format": "hh-sol-cache-2",
  "files": {
    "/Users/inboxdev/Documents/GitHub/dovelous/apps/dvs-mern-services/hardhat/contracts/ERC721Factory.sol": {
      "lastModificationDate": 1683895545886,
      "contentHash": "d3f4a2c5130a91e9cce1de7322dcf1e0",
      "sourceName": "contracts/ERC721Factory.sol",
      "solcConfig": {
        "version": "0.8.19",
        "settings": {
          "optimizer": {
            "enabled": true,
            "runs": 150,
            "details": {
              "yul": true
            }
          },
          "outputSelection": {
            "*": {
              "*": [
                "abi",
                "evm.bytecode",
                "evm.deployedBytecode",
                "evm.methodIdentifiers",
                "metadata"
              ],
              "": [
                "ast"
              ]
            }
          }
        }
      },
      "imports": [
        "./base/NFT/ERC721/ERC721FactoryGetSet.sol"
      ],
      "versionPragmas": [
        "^0.8.19"
      ],
      "artifacts": [
        "ERC721Factory"
      ]
    },
    "/Users/inboxdev/Documents/GitHub/dovelous/apps/dvs-mern-services/hardhat/contracts/base/NFT/ERC721/ERC721FactoryGetSet.sol": {
      "lastModificationDate": 1683900493714,
      "contentHash": "554bd59ca0c69a66fe9e11f2a19fab93",
      "sourceName": "contracts/base/NFT/ERC721/ERC721FactoryGetSet.sol",
      "solcConfig": {
        "version": "0.8.19",
        "settings": {
          "optimizer": {
            "enabled": true,
            "runs": 150,
            "details": {
              "yul": true
            }
          },
          "outputSelection": {
            "*": {
              "*": [
                "abi",
                "evm.bytecode",
                "evm.deployedBytecode",
                "evm.methodIdentifiers",
                "metadata"
              ],
              "": [
                "ast"
              ]
            }
          }
        }
      },
      "imports": [
        "./ERC721FactoryBase.sol",
        "./ERC721FactoryWorker.sol",
        "./ERC721FactoryMinter.sol",
        "./ERC721FactoryBurner.sol"
      ],
      "versionPragmas": [
        "^0.8.19"
      ],
      "artifacts": [
        "ERC721FactoryGetSet"
      ]
    },
    "/Users/inboxdev/Documents/GitHub/dovelous/apps/dvs-mern-services/hardhat/contracts/base/NFT/ERC721/ERC721FactoryBase.sol": {
      "lastModificationDate": 1683895545920,
      "contentHash": "b5659f1f65a2c30f41ee1ea1b98aef44",
      "sourceName": "contracts/base/NFT/ERC721/ERC721FactoryBase.sol",
      "solcConfig": {
        "version": "0.8.19",
        "settings": {
          "optimizer": {
            "enabled": true,
            "runs": 150,
            "details": {
              "yul": true
            }
          },
          "outputSelection": {
            "*": {
              "*": [
                "abi",
                "evm.bytecode",
                "evm.deployedBytecode",
                "evm.methodIdentifiers",
                "metadata"
              ],
              "": [
                "ast"
              ]
            }
          }
        }
      },
      "imports": [
        "@openzeppelin/contracts/token/ERC721/ERC721.sol",
        "@openzeppelin/contracts/token/ERC721/extensions/ERC721Enumerable.sol",
        "@openzeppelin/contracts/token/ERC721/extensions/ERC721URIStorage.sol",
        "@openzeppelin/contracts/token/ERC721/extensions/ERC721Royalty.sol",
        "@openzeppelin/contracts/token/ERC721/extensions/ERC721Burnable.sol",
        "@openzeppelin/contracts/security/Pausable.sol",
        "@openzeppelin/contracts/utils/Counters.sol",
        "../common/ERCFallback.sol",
        "../common/ERCModifiers.sol"
      ],
      "versionPragmas": [
        "^0.8.19"
      ],
      "artifacts": [
        "ERC721FactoryBase"
      ]
    },
    "/Users/inboxdev/Documents/GitHub/dovelous/apps/dvs-mern-services/hardhat/contracts/base/NFT/ERC721/ERC721FactoryMinter.sol": {
      "lastModificationDate": 1683895545924,
      "contentHash": "940b62030215e98a789869a88678cba7",
      "sourceName": "contracts/base/NFT/ERC721/ERC721FactoryMinter.sol",
      "solcConfig": {
        "version": "0.8.19",
        "settings": {
          "optimizer": {
            "enabled": true,
            "runs": 150,
            "details": {
              "yul": true
            }
          },
          "outputSelection": {
            "*": {
              "*": [
                "abi",
                "evm.bytecode",
                "evm.deployedBytecode",
                "evm.methodIdentifiers",
                "metadata"
              ],
              "": [
                "ast"
              ]
            }
          }
        }
      },
      "imports": [
        "./ERC721FactoryWorker.sol"
      ],
      "versionPragmas": [
        "^0.8.19"
      ],
      "artifacts": [
        "ERC721FactoryMinter"
      ]
    },
    "/Users/inboxdev/Documents/GitHub/dovelous/apps/dvs-mern-services/hardhat/contracts/base/NFT/ERC721/ERC721FactoryWorker.sol": {
      "lastModificationDate": 1683895545923,
      "contentHash": "0be2f943d3d05673852178d9c6ad9864",
      "sourceName": "contracts/base/NFT/ERC721/ERC721FactoryWorker.sol",
      "solcConfig": {
        "version": "0.8.19",
        "settings": {
          "optimizer": {
            "enabled": true,
            "runs": 150,
            "details": {
              "yul": true
            }
          },
          "outputSelection": {
            "*": {
              "*": [
                "abi",
                "evm.bytecode",
                "evm.deployedBytecode",
                "evm.methodIdentifiers",
                "metadata"
              ],
              "": [
                "ast"
              ]
            }
          }
        }
      },
      "imports": [
        "./ERC721FactoryBase.sol"
      ],
      "versionPragmas": [
        "^0.8.19"
      ],
      "artifacts": [
        "ERC721FactoryWorker"
      ]
    },
    "/Users/inboxdev/Documents/GitHub/dovelous/apps/dvs-mern-services/hardhat/contracts/base/NFT/ERC721/ERC721FactoryBurner.sol": {
      "lastModificationDate": 1683895545916,
      "contentHash": "1ab5bfc98c609e1ea11f4f696e72d631",
      "sourceName": "contracts/base/NFT/ERC721/ERC721FactoryBurner.sol",
      "solcConfig": {
        "version": "0.8.19",
        "settings": {
          "optimizer": {
            "enabled": true,
            "runs": 150,
            "details": {
              "yul": true
            }
          },
          "outputSelection": {
            "*": {
              "*": [
                "abi",
                "evm.bytecode",
                "evm.deployedBytecode",
                "evm.methodIdentifiers",
                "metadata"
              ],
              "": [
                "ast"
              ]
            }
          }
        }
      },
      "imports": [
        "./ERC721FactoryWorker.sol"
      ],
      "versionPragmas": [
        "^0.8.19"
      ],
      "artifacts": [
        "ERC721FactoryBurner"
      ]
    },
    "/Users/inboxdev/Documents/GitHub/dovelous/apps/dvs-mern-services/hardhat/contracts/base/NFT/common/ERCFallback.sol": {
      "lastModificationDate": 1683895545909,
      "contentHash": "a2c8beb64db8a3ad22dc76b7cb6d9cc4",
      "sourceName": "contracts/base/NFT/common/ERCFallback.sol",
      "solcConfig": {
        "version": "0.8.19",
        "settings": {
          "optimizer": {
            "enabled": true,
            "runs": 150,
            "details": {
              "yul": true
            }
          },
          "outputSelection": {
            "*": {
              "*": [
                "abi",
                "evm.bytecode",
                "evm.deployedBytecode",
                "evm.methodIdentifiers",
                "metadata"
              ],
              "": [
                "ast"
              ]
            }
          }
        }
      },
      "imports": [
        "@openzeppelin/contracts/access/AccessControl.sol",
        "@openzeppelin/contracts/security/ReentrancyGuard.sol",
        "@openzeppelin/contracts/token/ERC20/IERC20.sol",
        "@openzeppelin/contracts/token/ERC1155/IERC1155.sol",
        "@openzeppelin/contracts/token/ERC721/IERC721.sol",
        "../../../libs/Snippets.sol"
      ],
      "versionPragmas": [
        "^0.8.19"
      ],
      "artifacts": [
        "ERCFallback"
      ]
    },
    "/Users/inboxdev/Documents/GitHub/dovelous/apps/dvs-mern-services/hardhat/contracts/base/NFT/common/ERCModifiers.sol": {
      "lastModificationDate": 1683895545907,
      "contentHash": "eb91d20eaca2f9888303337a2946bd2a",
      "sourceName": "contracts/base/NFT/common/ERCModifiers.sol",
      "solcConfig": {
        "version": "0.8.19",
        "settings": {
          "optimizer": {
            "enabled": true,
            "runs": 150,
            "details": {
              "yul": true
            }
          },
          "outputSelection": {
            "*": {
              "*": [
                "abi",
                "evm.bytecode",
                "evm.deployedBytecode",
                "evm.methodIdentifiers",
                "metadata"
              ],
              "": [
                "ast"
              ]
            }
          }
        }
      },
      "imports": [
        "@openzeppelin/contracts/access/AccessControl.sol",
        "./ERCLibrary.sol"
      ],
      "versionPragmas": [
        "^0.8.19"
      ],
      "artifacts": [
        "ERCModifiers"
      ]
    },
    "/Users/inboxdev/Documents/GitHub/dovelous/apps/dvs-mern-services/hardhat/node_modules/@openzeppelin/contracts/utils/Counters.sol": {
      "lastModificationDate": 1682412341503,
      "contentHash": "74654e3ae5d7f39555055dfe244dab7a",
      "sourceName": "@openzeppelin/contracts/utils/Counters.sol",
      "solcConfig": {
        "version": "0.8.19",
        "settings": {
          "optimizer": {
            "enabled": true,
            "runs": 150,
            "details": {
              "yul": true
            }
          },
          "outputSelection": {
            "*": {
              "*": [
                "abi",
                "evm.bytecode",
                "evm.deployedBytecode",
                "evm.methodIdentifiers",
                "metadata"
              ],
              "": [
                "ast"
              ]
            }
          }
        }
      },
      "imports": [],
      "versionPragmas": [
        "^0.8.0"
      ],
      "artifacts": [
        "Counters"
      ]
    },
    "/Users/inboxdev/Documents/GitHub/dovelous/apps/dvs-mern-services/hardhat/node_modules/@openzeppelin/contracts/security/Pausable.sol": {
      "lastModificationDate": 1682412341503,
      "contentHash": "25c8108f36fdd472bc78d4c4af240c11",
      "sourceName": "@openzeppelin/contracts/security/Pausable.sol",
      "solcConfig": {
        "version": "0.8.19",
        "settings": {
          "optimizer": {
            "enabled": true,
            "runs": 150,
            "details": {
              "yul": true
            }
          },
          "outputSelection": {
            "*": {
              "*": [
                "abi",
                "evm.bytecode",
                "evm.deployedBytecode",
                "evm.methodIdentifiers",
                "metadata"
              ],
              "": [
                "ast"
              ]
            }
          }
        }
      },
      "imports": [
        "../utils/Context.sol"
      ],
      "versionPragmas": [
        "^0.8.0"
      ],
      "artifacts": [
        "Pausable"
      ]
    },
    "/Users/inboxdev/Documents/GitHub/dovelous/apps/dvs-mern-services/hardhat/node_modules/@openzeppelin/contracts/token/ERC721/ERC721.sol": {
      "lastModificationDate": 1682412341622,
      "contentHash": "f7f4f78c31f28534852e5c56000a25af",
      "sourceName": "@openzeppelin/contracts/token/ERC721/ERC721.sol",
      "solcConfig": {
        "version": "0.8.19",
        "settings": {
          "optimizer": {
            "enabled": true,
            "runs": 150,
            "details": {
              "yul": true
            }
          },
          "outputSelection": {
            "*": {
              "*": [
                "abi",
                "evm.bytecode",
                "evm.deployedBytecode",
                "evm.methodIdentifiers",
                "metadata"
              ],
              "": [
                "ast"
              ]
            }
          }
        }
      },
      "imports": [
        "./IERC721.sol",
        "./IERC721Receiver.sol",
        "./extensions/IERC721Metadata.sol",
        "../../utils/Address.sol",
        "../../utils/Context.sol",
        "../../utils/Strings.sol",
        "../../utils/introspection/ERC165.sol"
      ],
      "versionPragmas": [
        "^0.8.0"
      ],
      "artifacts": [
        "ERC721"
      ]
    },
    "/Users/inboxdev/Documents/GitHub/dovelous/apps/dvs-mern-services/hardhat/node_modules/@openzeppelin/contracts/token/ERC721/extensions/ERC721Enumerable.sol": {
      "lastModificationDate": 1682412341625,
      "contentHash": "212e86880d210b6cac8c3eb0cd6b1fad",
      "sourceName": "@openzeppelin/contracts/token/ERC721/extensions/ERC721Enumerable.sol",
      "solcConfig": {
        "version": "0.8.19",
        "settings": {
          "optimizer": {
            "enabled": true,
            "runs": 150,
            "details": {
              "yul": true
            }
          },
          "outputSelection": {
            "*": {
              "*": [
                "abi",
                "evm.bytecode",
                "evm.deployedBytecode",
                "evm.methodIdentifiers",
                "metadata"
              ],
              "": [
                "ast"
              ]
            }
          }
        }
      },
      "imports": [
        "../ERC721.sol",
        "./IERC721Enumerable.sol"
      ],
      "versionPragmas": [
        "^0.8.0"
      ],
      "artifacts": [
        "ERC721Enumerable"
      ]
    },
    "/Users/inboxdev/Documents/GitHub/dovelous/apps/dvs-mern-services/hardhat/node_modules/@openzeppelin/contracts/token/ERC721/extensions/ERC721URIStorage.sol": {
      "lastModificationDate": 1682412341625,
      "contentHash": "8af32effd0536e2971ff8496812a5016",
      "sourceName": "@openzeppelin/contracts/token/ERC721/extensions/ERC721URIStorage.sol",
      "solcConfig": {
        "version": "0.8.19",
        "settings": {
          "optimizer": {
            "enabled": true,
            "runs": 150,
            "details": {
              "yul": true
            }
          },
          "outputSelection": {
            "*": {
              "*": [
                "abi",
                "evm.bytecode",
                "evm.deployedBytecode",
                "evm.methodIdentifiers",
                "metadata"
              ],
              "": [
                "ast"
              ]
            }
          }
        }
      },
      "imports": [
        "../ERC721.sol"
      ],
      "versionPragmas": [
        "^0.8.0"
      ],
      "artifacts": [
        "ERC721URIStorage"
      ]
    },
    "/Users/inboxdev/Documents/GitHub/dovelous/apps/dvs-mern-services/hardhat/node_modules/@openzeppelin/contracts/token/ERC721/extensions/ERC721Royalty.sol": {
      "lastModificationDate": 1682412341625,
      "contentHash": "d29e32d2fc8b7e02c8a00f69b3223411",
      "sourceName": "@openzeppelin/contracts/token/ERC721/extensions/ERC721Royalty.sol",
      "solcConfig": {
        "version": "0.8.19",
        "settings": {
          "optimizer": {
            "enabled": true,
            "runs": 150,
            "details": {
              "yul": true
            }
          },
          "outputSelection": {
            "*": {
              "*": [
                "abi",
                "evm.bytecode",
                "evm.deployedBytecode",
                "evm.methodIdentifiers",
                "metadata"
              ],
              "": [
                "ast"
              ]
            }
          }
        }
      },
      "imports": [
        "../ERC721.sol",
        "../../common/ERC2981.sol",
        "../../../utils/introspection/ERC165.sol"
      ],
      "versionPragmas": [
        "^0.8.0"
      ],
      "artifacts": [
        "ERC721Royalty"
      ]
    },
    "/Users/inboxdev/Documents/GitHub/dovelous/apps/dvs-mern-services/hardhat/node_modules/@openzeppelin/contracts/token/ERC721/extensions/ERC721Burnable.sol": {
      "lastModificationDate": 1682412341625,
      "contentHash": "5a341bfc4fe3ee5357ccdebd3a78ad2c",
      "sourceName": "@openzeppelin/contracts/token/ERC721/extensions/ERC721Burnable.sol",
      "solcConfig": {
        "version": "0.8.19",
        "settings": {
          "optimizer": {
            "enabled": true,
            "runs": 150,
            "details": {
              "yul": true
            }
          },
          "outputSelection": {
            "*": {
              "*": [
                "abi",
                "evm.bytecode",
                "evm.deployedBytecode",
                "evm.methodIdentifiers",
                "metadata"
              ],
              "": [
                "ast"
              ]
            }
          }
        }
      },
      "imports": [
        "../ERC721.sol",
        "../../../utils/Context.sol"
      ],
      "versionPragmas": [
        "^0.8.0"
      ],
      "artifacts": [
        "ERC721Burnable"
      ]
    },
    "/Users/inboxdev/Documents/GitHub/dovelous/apps/dvs-mern-services/hardhat/contracts/libs/Snippets.sol": {
      "lastModificationDate": 1683899461162,
      "contentHash": "912f03016cbde5f7d6296785b73065bb",
      "sourceName": "contracts/libs/Snippets.sol",
      "solcConfig": {
        "version": "0.8.19",
        "settings": {
          "optimizer": {
            "enabled": true,
            "runs": 150,
            "details": {
              "yul": true
            }
          },
          "outputSelection": {
            "*": {
              "*": [
                "abi",
                "evm.bytecode",
                "evm.deployedBytecode",
                "evm.methodIdentifiers",
                "metadata"
              ],
              "": [
                "ast"
              ]
            }
          }
        }
      },
      "imports": [
        "./Structs.sol",
        "./Errors.sol",
        "./Events.sol"
      ],
      "versionPragmas": [
        "^0.8.19"
      ],
      "artifacts": [
        "Snippets"
      ]
    },
    "/Users/inboxdev/Documents/GitHub/dovelous/apps/dvs-mern-services/hardhat/node_modules/@openzeppelin/contracts/security/ReentrancyGuard.sol": {
      "lastModificationDate": 1682412341503,
      "contentHash": "a8e2d1c30042f64ed89c9d4157eb6cb9",
      "sourceName": "@openzeppelin/contracts/security/ReentrancyGuard.sol",
      "solcConfig": {
        "version": "0.8.19",
        "settings": {
          "optimizer": {
            "enabled": true,
            "runs": 150,
            "details": {
              "yul": true
            }
          },
          "outputSelection": {
            "*": {
              "*": [
                "abi",
                "evm.bytecode",
                "evm.deployedBytecode",
                "evm.methodIdentifiers",
                "metadata"
              ],
              "": [
                "ast"
              ]
            }
          }
        }
      },
      "imports": [],
      "versionPragmas": [
        "^0.8.0"
      ],
      "artifacts": [
        "ReentrancyGuard"
      ]
    },
    "/Users/inboxdev/Documents/GitHub/dovelous/apps/dvs-mern-services/hardhat/node_modules/@openzeppelin/contracts/access/AccessControl.sol": {
      "lastModificationDate": 1682412341502,
      "contentHash": "95a6c227d1b8843e9385518a5bce4853",
      "sourceName": "@openzeppelin/contracts/access/AccessControl.sol",
      "solcConfig": {
        "version": "0.8.19",
        "settings": {
          "optimizer": {
            "enabled": true,
            "runs": 150,
            "details": {
              "yul": true
            }
          },
          "outputSelection": {
            "*": {
              "*": [
                "abi",
                "evm.bytecode",
                "evm.deployedBytecode",
                "evm.methodIdentifiers",
                "metadata"
              ],
              "": [
                "ast"
              ]
            }
          }
        }
      },
      "imports": [
        "./IAccessControl.sol",
        "../utils/Context.sol",
        "../utils/Strings.sol",
        "../utils/introspection/ERC165.sol"
      ],
      "versionPragmas": [
        "^0.8.0"
      ],
      "artifacts": [
        "AccessControl"
      ]
    },
    "/Users/inboxdev/Documents/GitHub/dovelous/apps/dvs-mern-services/hardhat/node_modules/@openzeppelin/contracts/token/ERC1155/IERC1155.sol": {
      "lastModificationDate": 1682412341622,
      "contentHash": "d5a8f6e07ca38ec384856cfe9f08a867",
      "sourceName": "@openzeppelin/contracts/token/ERC1155/IERC1155.sol",
      "solcConfig": {
        "version": "0.8.19",
        "settings": {
          "optimizer": {
            "enabled": true,
            "runs": 150,
            "details": {
              "yul": true
            }
          },
          "outputSelection": {
            "*": {
              "*": [
                "abi",
                "evm.bytecode",
                "evm.deployedBytecode",
                "evm.methodIdentifiers",
                "metadata"
              ],
              "": [
                "ast"
              ]
            }
          }
        }
      },
      "imports": [
        "../../utils/introspection/IERC165.sol"
      ],
      "versionPragmas": [
        "^0.8.0"
      ],
      "artifacts": [
        "IERC1155"
      ]
    },
    "/Users/inboxdev/Documents/GitHub/dovelous/apps/dvs-mern-services/hardhat/node_modules/@openzeppelin/contracts/token/ERC721/IERC721.sol": {
      "lastModificationDate": 1682412341622,
      "contentHash": "eb7e61db29f31d88b3c1cef1b063d338",
      "sourceName": "@openzeppelin/contracts/token/ERC721/IERC721.sol",
      "solcConfig": {
        "version": "0.8.19",
        "settings": {
          "optimizer": {
            "enabled": true,
            "runs": 150,
            "details": {
              "yul": true
            }
          },
          "outputSelection": {
            "*": {
              "*": [
                "abi",
                "evm.bytecode",
                "evm.deployedBytecode",
                "evm.methodIdentifiers",
                "metadata"
              ],
              "": [
                "ast"
              ]
            }
          }
        }
      },
      "imports": [
        "../../utils/introspection/IERC165.sol"
      ],
      "versionPragmas": [
        "^0.8.0"
      ],
      "artifacts": [
        "IERC721"
      ]
    },
    "/Users/inboxdev/Documents/GitHub/dovelous/apps/dvs-mern-services/hardhat/node_modules/@openzeppelin/contracts/token/ERC20/IERC20.sol": {
      "lastModificationDate": 1682412341622,
      "contentHash": "ad7c2d0af148c8f9f097d65deeb4da6b",
      "sourceName": "@openzeppelin/contracts/token/ERC20/IERC20.sol",
      "solcConfig": {
        "version": "0.8.19",
        "settings": {
          "optimizer": {
            "enabled": true,
            "runs": 150,
            "details": {
              "yul": true
            }
          },
          "outputSelection": {
            "*": {
              "*": [
                "abi",
                "evm.bytecode",
                "evm.deployedBytecode",
                "evm.methodIdentifiers",
                "metadata"
              ],
              "": [
                "ast"
              ]
            }
          }
        }
      },
      "imports": [],
      "versionPragmas": [
        "^0.8.0"
      ],
      "artifacts": [
        "IERC20"
      ]
    },
    "/Users/inboxdev/Documents/GitHub/dovelous/apps/dvs-mern-services/hardhat/contracts/libs/Structs.sol": {
      "lastModificationDate": 1683895545892,
      "contentHash": "ce338ec6de5445452d9a09e8b304d56f",
      "sourceName": "contracts/libs/Structs.sol",
      "solcConfig": {
        "version": "0.8.19",
        "settings": {
          "optimizer": {
            "enabled": true,
            "runs": 150,
            "details": {
              "yul": true
            }
          },
          "outputSelection": {
            "*": {
              "*": [
                "abi",
                "evm.bytecode",
                "evm.deployedBytecode",
                "evm.methodIdentifiers",
                "metadata"
              ],
              "": [
                "ast"
              ]
            }
          }
        }
      },
      "imports": [
        "./Enums.sol"
      ],
      "versionPragmas": [
        "^0.8.19"
      ],
      "artifacts": [
        "Structs"
      ]
    },
    "/Users/inboxdev/Documents/GitHub/dovelous/apps/dvs-mern-services/hardhat/contracts/libs/Errors.sol": {
      "lastModificationDate": 1683895545893,
      "contentHash": "765f4b04ee26a62386e3dd0c551e8f21",
      "sourceName": "contracts/libs/Errors.sol",
      "solcConfig": {
        "version": "0.8.19",
        "settings": {
          "optimizer": {
            "enabled": true,
            "runs": 150,
            "details": {
              "yul": true
            }
          },
          "outputSelection": {
            "*": {
              "*": [
                "abi",
                "evm.bytecode",
                "evm.deployedBytecode",
                "evm.methodIdentifiers",
                "metadata"
              ],
              "": [
                "ast"
              ]
            }
          }
        }
      },
      "imports": [
        "./Enums.sol"
      ],
      "versionPragmas": [
        "^0.8.19"
      ],
      "artifacts": [
        "Errors"
      ]
    },
    "/Users/inboxdev/Documents/GitHub/dovelous/apps/dvs-mern-services/hardhat/contracts/libs/Events.sol": {
      "lastModificationDate": 1683895545895,
      "contentHash": "8826d32c80fd8a00f206546cacbe993b",
      "sourceName": "contracts/libs/Events.sol",
      "solcConfig": {
        "version": "0.8.19",
        "settings": {
          "optimizer": {
            "enabled": true,
            "runs": 150,
            "details": {
              "yul": true
            }
          },
          "outputSelection": {
            "*": {
              "*": [
                "abi",
                "evm.bytecode",
                "evm.deployedBytecode",
                "evm.methodIdentifiers",
                "metadata"
              ],
              "": [
                "ast"
              ]
            }
          }
        }
      },
      "imports": [
        "./Enums.sol"
      ],
      "versionPragmas": [
        "^0.8.19"
      ],
      "artifacts": [
        "Events"
      ]
    },
    "/Users/inboxdev/Documents/GitHub/dovelous/apps/dvs-mern-services/hardhat/contracts/libs/Enums.sol": {
      "lastModificationDate": 1683895545896,
      "contentHash": "63b6fcae2dd0d19da0b458ae06e2c19e",
      "sourceName": "contracts/libs/Enums.sol",
      "solcConfig": {
        "version": "0.8.19",
        "settings": {
          "optimizer": {
            "enabled": true,
            "runs": 150,
            "details": {
              "yul": true
            }
          },
          "outputSelection": {
            "*": {
              "*": [
                "abi",
                "evm.bytecode",
                "evm.deployedBytecode",
                "evm.methodIdentifiers",
                "metadata"
              ],
              "": [
                "ast"
              ]
            }
          }
        }
      },
      "imports": [],
      "versionPragmas": [
        "^0.8.19"
      ],
      "artifacts": [
        "Enums"
      ]
    },
    "/Users/inboxdev/Documents/GitHub/dovelous/apps/dvs-mern-services/hardhat/node_modules/@openzeppelin/contracts/utils/Context.sol": {
      "lastModificationDate": 1682412341503,
      "contentHash": "5f2c5c4b6af2dd4551027144797bc8be",
      "sourceName": "@openzeppelin/contracts/utils/Context.sol",
      "solcConfig": {
        "version": "0.8.19",
        "settings": {
          "optimizer": {
            "enabled": true,
            "runs": 150,
            "details": {
              "yul": true
            }
          },
          "outputSelection": {
            "*": {
              "*": [
                "abi",
                "evm.bytecode",
                "evm.deployedBytecode",
                "evm.methodIdentifiers",
                "metadata"
              ],
              "": [
                "ast"
              ]
            }
          }
        }
      },
      "imports": [],
      "versionPragmas": [
        "^0.8.0"
      ],
      "artifacts": [
        "Context"
      ]
    },
    "/Users/inboxdev/Documents/GitHub/dovelous/apps/dvs-mern-services/hardhat/node_modules/@openzeppelin/contracts/access/IAccessControl.sol": {
      "lastModificationDate": 1682412341502,
      "contentHash": "57c84298234411cea19c7c284d86be8b",
      "sourceName": "@openzeppelin/contracts/access/IAccessControl.sol",
      "solcConfig": {
        "version": "0.8.19",
        "settings": {
          "optimizer": {
            "enabled": true,
            "runs": 150,
            "details": {
              "yul": true
            }
          },
          "outputSelection": {
            "*": {
              "*": [
                "abi",
                "evm.bytecode",
                "evm.deployedBytecode",
                "evm.methodIdentifiers",
                "metadata"
              ],
              "": [
                "ast"
              ]
            }
          }
        }
      },
      "imports": [],
      "versionPragmas": [
        "^0.8.0"
      ],
      "artifacts": [
        "IAccessControl"
      ]
    },
    "/Users/inboxdev/Documents/GitHub/dovelous/apps/dvs-mern-services/hardhat/node_modules/@openzeppelin/contracts/utils/Strings.sol": {
      "lastModificationDate": 1682412341503,
      "contentHash": "396031251978f8febfd90cb62cb240ec",
      "sourceName": "@openzeppelin/contracts/utils/Strings.sol",
      "solcConfig": {
        "version": "0.8.19",
        "settings": {
          "optimizer": {
            "enabled": true,
            "runs": 150,
            "details": {
              "yul": true
            }
          },
          "outputSelection": {
            "*": {
              "*": [
                "abi",
                "evm.bytecode",
                "evm.deployedBytecode",
                "evm.methodIdentifiers",
                "metadata"
              ],
              "": [
                "ast"
              ]
            }
          }
        }
      },
      "imports": [
        "./math/Math.sol"
      ],
      "versionPragmas": [
        "^0.8.0"
      ],
      "artifacts": [
        "Strings"
      ]
    },
    "/Users/inboxdev/Documents/GitHub/dovelous/apps/dvs-mern-services/hardhat/node_modules/@openzeppelin/contracts/utils/introspection/ERC165.sol": {
      "lastModificationDate": 1682412341567,
      "contentHash": "0e7db055ce108f9da7bb6686a00287c0",
      "sourceName": "@openzeppelin/contracts/utils/introspection/ERC165.sol",
      "solcConfig": {
        "version": "0.8.19",
        "settings": {
          "optimizer": {
            "enabled": true,
            "runs": 150,
            "details": {
              "yul": true
            }
          },
          "outputSelection": {
            "*": {
              "*": [
                "abi",
                "evm.bytecode",
                "evm.deployedBytecode",
                "evm.methodIdentifiers",
                "metadata"
              ],
              "": [
                "ast"
              ]
            }
          }
        }
      },
      "imports": [
        "./IERC165.sol"
      ],
      "versionPragmas": [
        "^0.8.0"
      ],
      "artifacts": [
        "ERC165"
      ]
    },
    "/Users/inboxdev/Documents/GitHub/dovelous/apps/dvs-mern-services/hardhat/node_modules/@openzeppelin/contracts/utils/math/Math.sol": {
      "lastModificationDate": 1682412341567,
      "contentHash": "b9c58920ce74d6dc819161786112e7ee",
      "sourceName": "@openzeppelin/contracts/utils/math/Math.sol",
      "solcConfig": {
        "version": "0.8.19",
        "settings": {
          "optimizer": {
            "enabled": true,
            "runs": 150,
            "details": {
              "yul": true
            }
          },
          "outputSelection": {
            "*": {
              "*": [
                "abi",
                "evm.bytecode",
                "evm.deployedBytecode",
                "evm.methodIdentifiers",
                "metadata"
              ],
              "": [
                "ast"
              ]
            }
          }
        }
      },
      "imports": [],
      "versionPragmas": [
        "^0.8.0"
      ],
      "artifacts": [
        "Math"
      ]
    },
    "/Users/inboxdev/Documents/GitHub/dovelous/apps/dvs-mern-services/hardhat/node_modules/@openzeppelin/contracts/utils/introspection/IERC165.sol": {
      "lastModificationDate": 1682412341567,
      "contentHash": "03e6768535ac4da0e9756f1d8a4a018a",
      "sourceName": "@openzeppelin/contracts/utils/introspection/IERC165.sol",
      "solcConfig": {
        "version": "0.8.19",
        "settings": {
          "optimizer": {
            "enabled": true,
            "runs": 150,
            "details": {
              "yul": true
            }
          },
          "outputSelection": {
            "*": {
              "*": [
                "abi",
                "evm.bytecode",
                "evm.deployedBytecode",
                "evm.methodIdentifiers",
                "metadata"
              ],
              "": [
                "ast"
              ]
            }
          }
        }
      },
      "imports": [],
      "versionPragmas": [
        "^0.8.0"
      ],
      "artifacts": [
        "IERC165"
      ]
    },
    "/Users/inboxdev/Documents/GitHub/dovelous/apps/dvs-mern-services/hardhat/node_modules/@openzeppelin/contracts/utils/Address.sol": {
      "lastModificationDate": 1682412341503,
      "contentHash": "f31ad6fc4bbf9c06203987220156a6ba",
      "sourceName": "@openzeppelin/contracts/utils/Address.sol",
      "solcConfig": {
        "version": "0.8.19",
        "settings": {
          "optimizer": {
            "enabled": true,
            "runs": 150,
            "details": {
              "yul": true
            }
          },
          "outputSelection": {
            "*": {
              "*": [
                "abi",
                "evm.bytecode",
                "evm.deployedBytecode",
                "evm.methodIdentifiers",
                "metadata"
              ],
              "": [
                "ast"
              ]
            }
          }
        }
      },
      "imports": [],
      "versionPragmas": [
        "^0.8.1"
      ],
      "artifacts": [
        "Address"
      ]
    },
    "/Users/inboxdev/Documents/GitHub/dovelous/apps/dvs-mern-services/hardhat/node_modules/@openzeppelin/contracts/token/ERC721/extensions/IERC721Metadata.sol": {
      "lastModificationDate": 1682412341625,
      "contentHash": "efbc0d15b80a74e34dbe8da0f3e879bb",
      "sourceName": "@openzeppelin/contracts/token/ERC721/extensions/IERC721Metadata.sol",
      "solcConfig": {
        "version": "0.8.19",
        "settings": {
          "optimizer": {
            "enabled": true,
            "runs": 150,
            "details": {
              "yul": true
            }
          },
          "outputSelection": {
            "*": {
              "*": [
                "abi",
                "evm.bytecode",
                "evm.deployedBytecode",
                "evm.methodIdentifiers",
                "metadata"
              ],
              "": [
                "ast"
              ]
            }
          }
        }
      },
      "imports": [
        "../IERC721.sol"
      ],
      "versionPragmas": [
        "^0.8.0"
      ],
      "artifacts": [
        "IERC721Metadata"
      ]
    },
    "/Users/inboxdev/Documents/GitHub/dovelous/apps/dvs-mern-services/hardhat/node_modules/@openzeppelin/contracts/token/ERC721/IERC721Receiver.sol": {
      "lastModificationDate": 1682412341622,
      "contentHash": "c22d4395e33763de693fd440c6fd10e1",
      "sourceName": "@openzeppelin/contracts/token/ERC721/IERC721Receiver.sol",
      "solcConfig": {
        "version": "0.8.19",
        "settings": {
          "optimizer": {
            "enabled": true,
            "runs": 150,
            "details": {
              "yul": true
            }
          },
          "outputSelection": {
            "*": {
              "*": [
                "abi",
                "evm.bytecode",
                "evm.deployedBytecode",
                "evm.methodIdentifiers",
                "metadata"
              ],
              "": [
                "ast"
              ]
            }
          }
        }
      },
      "imports": [],
      "versionPragmas": [
        "^0.8.0"
      ],
      "artifacts": [
        "IERC721Receiver"
      ]
    },
    "/Users/inboxdev/Documents/GitHub/dovelous/apps/dvs-mern-services/hardhat/node_modules/@openzeppelin/contracts/token/ERC721/extensions/IERC721Enumerable.sol": {
      "lastModificationDate": 1682412341626,
      "contentHash": "f4dd06783f321aa26179bc2b6e361c29",
      "sourceName": "@openzeppelin/contracts/token/ERC721/extensions/IERC721Enumerable.sol",
      "solcConfig": {
        "version": "0.8.19",
        "settings": {
          "optimizer": {
            "enabled": true,
            "runs": 150,
            "details": {
              "yul": true
            }
          },
          "outputSelection": {
            "*": {
              "*": [
                "abi",
                "evm.bytecode",
                "evm.deployedBytecode",
                "evm.methodIdentifiers",
                "metadata"
              ],
              "": [
                "ast"
              ]
            }
          }
        }
      },
      "imports": [
        "../IERC721.sol"
      ],
      "versionPragmas": [
        "^0.8.0"
      ],
      "artifacts": [
        "IERC721Enumerable"
      ]
    },
    "/Users/inboxdev/Documents/GitHub/dovelous/apps/dvs-mern-services/hardhat/node_modules/@openzeppelin/contracts/token/common/ERC2981.sol": {
      "lastModificationDate": 1682412341622,
      "contentHash": "f995d6f70022823e60e85f41959c801d",
      "sourceName": "@openzeppelin/contracts/token/common/ERC2981.sol",
      "solcConfig": {
        "version": "0.8.19",
        "settings": {
          "optimizer": {
            "enabled": true,
            "runs": 150,
            "details": {
              "yul": true
            }
          },
          "outputSelection": {
            "*": {
              "*": [
                "abi",
                "evm.bytecode",
                "evm.deployedBytecode",
                "evm.methodIdentifiers",
                "metadata"
              ],
              "": [
                "ast"
              ]
            }
          }
        }
      },
      "imports": [
        "../../interfaces/IERC2981.sol",
        "../../utils/introspection/ERC165.sol"
      ],
      "versionPragmas": [
        "^0.8.0"
      ],
      "artifacts": [
        "ERC2981"
      ]
    },
    "/Users/inboxdev/Documents/GitHub/dovelous/apps/dvs-mern-services/hardhat/node_modules/@openzeppelin/contracts/interfaces/IERC2981.sol": {
      "lastModificationDate": 1682412341503,
      "contentHash": "608566bc5327454ba54e487e7c226ff6",
      "sourceName": "@openzeppelin/contracts/interfaces/IERC2981.sol",
      "solcConfig": {
        "version": "0.8.19",
        "settings": {
          "optimizer": {
            "enabled": true,
            "runs": 150,
            "details": {
              "yul": true
            }
          },
          "outputSelection": {
            "*": {
              "*": [
                "abi",
                "evm.bytecode",
                "evm.deployedBytecode",
                "evm.methodIdentifiers",
                "metadata"
              ],
              "": [
                "ast"
              ]
            }
          }
        }
      },
      "imports": [
        "../utils/introspection/IERC165.sol"
      ],
      "versionPragmas": [
        "^0.8.0"
      ],
      "artifacts": [
        "IERC2981"
      ]
    },
    "/Users/inboxdev/Documents/GitHub/dovelous/apps/dvs-mern-services/hardhat/contracts/base/NFT/common/ERCLibrary.sol": {
      "lastModificationDate": 1683895545900,
      "contentHash": "afd7181586b6ed5736fa558cd432cbe0",
      "sourceName": "contracts/base/NFT/common/ERCLibrary.sol",
      "solcConfig": {
        "version": "0.8.19",
        "settings": {
          "optimizer": {
            "enabled": true,
            "runs": 150,
            "details": {
              "yul": true
            }
          },
          "outputSelection": {
            "*": {
              "*": [
                "abi",
                "evm.bytecode",
                "evm.deployedBytecode",
                "evm.methodIdentifiers",
                "metadata"
              ],
              "": [
                "ast"
              ]
            }
          }
        }
      },
      "imports": [
        "../../../libs/Snippets.sol"
      ],
      "versionPragmas": [
        "^0.8.19"
      ],
      "artifacts": [
        "ERCLibrary"
      ]
    }
  }
}
